well_position,bc
1,ACTCGTAA
2,AAACGATA
3,TTACCTCG
4,GCCTGCAA
5,TGGTATAC
6,CGTTCGAG
7,TCTATTAC
8,ATAAGCTC
9,ATTCATGG
10,ATCCGCGA
11,ATCGCATA
12,CCGTTCTA
13,TGGCGCGC
14,TGTCTGAA
15,CTGTCCCG
16,AATTTCTC
17,CGCGACTA
18,GGGATCGG
19,TTATTCTG
20,AGGCGGCA
21,ACGCCGGC
22,TTGTCTTA
23,TACGGTTA
24,TTGGGAGA
25,TGCTTGGG
26,TAAATATC
27,CACAATTG
28,GTGCTAGC
29,CGCCCGGA
30,GCTCGCGG
31,CTTTGGTC
32,TTCCGATC
33,TTCGCTAC
34,AGCGAAAC
35,AAATAGCA
36,CGTCTAGG
37,GCCGTGTA
38,CGCTTAAA
39,GACCTTTC
40,GGTGGAGC
41,TACTCGAA
42,CATTTGGA
43,GACGGGAC
44,GTCGCGCG
45,GTTACGTA
46,CTATTTCA
47,ACTATATA
48,TCACTTTA
49,CTGCTTTG
50,CATGATCA
51,GGGTAGCG
52,CCGAGAAA
53,ACGGACTC
54,ACTTACGA
55,TATTTAAG
56,ACCGTACG
57,TATAGTCG
58,TGGGCATC
59,TACCTAGA
60,GCTGCATG
61,GTCATATG
62,ATATTGGC
63,CTAAGGGA
64,TCGTTTCG
65,GAATAATG
66,ACTGCGCA
67,GCTTATAG
68,ATCATGCA
69,ACGTTAAC
70,CCATCTTG
71,CATAGCTA
72,GAGGTTGA
73,GCACTGAC
74,TTCATCGC
75,GAAATTAG
76,AGGATTAA
77,AATAGAAC
78,TCTTAATC
79,TAATACGC
80,GTTTGTGA
81,CGAACGTC
82,GGTTCTTC
83,GCAAATTC
84,GCTATGCG
85,CTACCCTA
86,GTGGGTTC
87,GTCCGTAG
88,TGCGATCG
89,TATCCGGG
90,AGGTAATA
91,CGTGGTTG
92,GACAAAGC
93,GGGCGATG
94,ATCTATAA
95,GCCCATGA
96,CTGAAAGG